20260826T,213.55,213.55,160.73,160.73,98
20260827T,213.55,213.55,160.73,160.73,98
20260828T,213.55,213.55,160.73,160.73,98
20260829T,213.55,213.55,160.73,160.73,98
20260830T,213.55,213.55,160.73,160.73,98
20260831T,122.41,122.41,107.53,107.53,89
20260901T,122.41,122.41,107.53,107.53,89
20260902T,122.41,122.41,107.53,107.53,89
20260903T,122.41,122.41,107.53,107.53,89
20260904T,122.41,122.41,107.53,107.53,89
20260905T,97.97,99.27,97.97,99.27,69
20260906T,97.97,99.27,97.97,99.27,69
20260907T,97.97,99.27,97.97,99.27,69
20260908T,97.97,99.27,97.97,99.27,69
20260909T,97.97,99.27,97.97,99.27,69
20260910T,89.63,95.06,89.63,95.06,49
20260911T,89.63,95.06,89.63,95.06,49
20260912T,89.63,95.06,89.63,95.06,49
20260913T,89.63,95.06,89.63,95.06,49
20260914T,89.63,95.06,89.63,95.06,49
20260915T,77.89,90.22,77.89,90.22,29
20260916T,77.89,90.22,77.89,90.22,29
20260917T,77.89,90.22,77.89,90.22,29
20260918T,77.89,90.22,77.89,90.22,29
20260919T,77.89,90.22,77.89,90.22,29
20260920T,47.53,79.25,47.53,79.25,9
20260921T,47.53,79.25,47.53,79.25,9
20260922T,47.53,79.25,47.53,79.25,9
20260923T,47.53,79.25,47.53,79.25,9
20260924T,47.53,79.25,47.53,79.25,9
20260925T,9.68,50.7,9.68,50.7,1
20260926T,9.68,50.7,9.68,50.7,1
20260927T,9.68,50.7,9.68,50.7,1
20260928T,9.68,50.7,9.68,50.7,1
20260929T,9.68,50.7,9.68,50.7,1
